{
  "paths": {
    "easy": [
      [
        40.7128,
        -74.006
      ],
      [
        40.758,
        -73.9855
      ]
    ],
    "balanced": [
      [
        40.7138,
        -74.005
      ],
      [
        40.757000000000005,
        -73.9865
      ]
    ],
    "tough": [
      [
        40.711800000000004,
        -74.007
      ],
      [
        40.759,
        -73.9845
      ]
    ]
  },
  "tactical_points": {
    "hiding_spots": [
      [
        40.7241,
        -74.00087500000001
      ],
      [
        40.746700000000004,
        -73.990625
      ]
    ],
    "choke_points": [
      [
        40.7354,
        -73.99575
      ]
    ],
    "checkpoints": [
      [
        40.727716,
        -73.999235
      ],
      [
        40.742632,
        -73.99247
      ]
    ]
  }
}